Velence,Hungarian town
Continental,company
Stephen King,writer
Dan Brown,writer
Frankfurt am Main,German city
Regensburg,German city
Budapest,Hungarian city
Robert De Niro,actor
Morgan Freeman,actor
Ludovico Einaudi,Italian pianist
David Nevue,pianist
Robert De Niro,Actor
Jack Nicholson,Actor
Tom Hanks,Actor
Marlon Brando,Actor
Leonardo DiCaprio,Actor
Humphrey Bogart,Actor
Johnny Depp,Actor
Al Pacino,Actor
Denzel Washington,Actor
Laurence Olivier,Actor
Brad Pitt,Actor
Daniel Day-Lewis,Actor
Tom Cruise,Actor
Cary Grant,Actor
Dustin Hoffman,Actor
Clark Gable,Actor
Sean Penn,Actor
Christian Bale,Actor
Gregory Peck,Actor
Harrison Ford,Actor
Spencer Tracy,Actor
George Clooney,Actor
Charlton Heston,Actor
Anthony Hopkins,Actor
Russell Crowe,Actor
Katharine Hepburn,Actress
Meryl Streep,Actress
Ingrid Bergman,Actress
Marilyn Monroe,Actress
Jennifer Lawrence,Actress
Kate Winslet,Actress
Elizabeth Taylor,Actress
Cate Blanchett,Actress
Audrey Hepburn,Actress
Helen Mirren,Actress
Bette Davis,Actress
Nicole Kidman,Actress
Sandra Bullock,Actress
Natalie Portman,Actress
Jodie Foster,Actress
Judi Dench,Actress
Amy Adams,Actress
Julia Roberts,Actress
Emma Thompson,Actress
Diane Keaton,Actress
Grace Kelly,Actress
Shirley MacLaine,Actress
Reese Witherspoon,Actress
Charlize Theron,Actress
Judy Garland,Actress
John Wayne,Actor
Sidney Poitier,Actor
Paul Newman,Actor
Matt Damon,Actor
Robert Duvall,Actor
James Dean,Actor
Kirk Douglas,Actor
Henry Fonda,Actor
Robin Williams,Actor
Orson Welles,Actor
Christoph Waltz,Actor
Heath Ledger,Actor
Sean Connery,Actor
Kevin Spacey,Actor
Gene Hackman,Actor
Liam Neeson,Actor
Edward Norton,Actor
Bruce Willis,Actor
Gary Cooper,Actor
Philip Seymour Hoffman,Actor
Robert Redford,Actor
Ralph Fiennes,Actor
Joaquin Phoenix,Actor
Will Smith,Actor
Steve McQueen,Actor
Vivien Leigh,Actress
Angelina Jolie,Actress
Anne Hathaway,Actress
Maggie Smith,Actress
Olivia de Havilland,Actress
Barbara Stanwyck,Actress
Joan Fontaine,Actress
Greer Garson,Actress
Faye Dunaway,Actress
Susan Hayward,Actress
Ellen Burstyn,Actress
Jane Wyman,Actress
Sophia Loren,Actress
Joan Crawford,Actress
Kathy Bates,Actress
Julie Andrews,Actress
Marion Cotillard,Actress
Deborah Kerr,Actress
Sissy Spacek,Actress
Susan Sarandon,Actress
Luise Rainer,Actress
Glenn Close,Actress
Doris Day,Actress
Natalie Wood,Actress
Jane Fonda,Actress
Jeff Bridges,Actor
Chiwetel Ejiofor,Actor
Ben Kingsley,Actor
Tommy Lee Jones,Actor
Samuel L. Jackson,Actor
Jack Lemmon,Actor
Joe Pesci,Actor
Christopher Plummer,Actor
George C. Scott,Actor
Morgan Freeman,Actor
Christopher Walken,Actor
John Travolta,Actor
James Stewart,Actor
Matthew McConaughey,Actor
Peter O'Toole,Actor
James Cagney,Actor
Ian McKellen,Actor
John Cusack,Actor
Bill Murray,Actor
Robert Downey Jr.,Actor
Nicolas Cage,Actor
Gene Wilder,Actor
Kevin Costner,Actor
Donald Sutherland,Actor
Bruce Dern,Actor
Ava Gardner,Actress
Jennifer Jones,Actress
Sally Field,Actress
Greta Garbo,Actress
Holly Hunter,Actress
Hilary Swank,Actress
Claudette Colbert,Actress
Diane Lane,Actress
Jessica Lange,Actress
Gloria Swanson,Actress
Lauren Bacall,Actress
Frances McDormand,Actress
Norma Shearer,Actress
Bette Midler,Self
Mary Tyler Moore,Actress
Anna Magnani,Actress
Halle Berry,Actress
Sharon Stone,Actress
Kim Basinger,Actress
Glenda Jackson,Actress
Donna Reed,Actress
Geena Davis,Actress
Demi Moore,Actress
Michelle Pfeiffer,Actress
Liza Minnelli,Actress
Charles Chaplin,Writer
Peter Sellers,Actor
Woody Allen,Writer
Jon Voight,Actor
Mel Gibson,Actor
Jim Carrey,Actor
Mark Wahlberg,Actor
Steve Martin,Writer
Javier Bardem,Actor
Tim Robbins,Actor
Arnold Schwarzenegger,Actor
Sylvester Stallone,Actor
Viggo Mortensen,Actor
Hugo Weaving,Actor
Christopher Lee,Actor
Geoffrey Rush,Actor
Alec Guinness,Actor
Richard Burton,Actor
Alec Baldwin,Actor
James Caan,Actor
Michael Douglas,Actor
Ben Stiller,Producer
Willem Dafoe,Actor
Ed Harris,Actor
Harvey Keitel,Actor
Drew Barrymore,Producer
Winona Ryder,Actress
Kathleen Turner,Actress
Uma Thurman,Actress
Hattie McDaniel,Actress
Rene Russo,Actress
Annette Bening,Actress
Sigourney Weaver,Actress
Barbra Streisand,Actress
Raquel Welch,Actress
Joanne Woodward,Actress
Shirley Booth,Actress
Mercedes McCambridge,Actress
Anjelica Huston,Actress
Dianne Wiest,Actress
Goldie Hawn,Actress
Judy Davis,Actress
Claudia Cardinale,Actress
Gwyneth Paltrow,Actress
Julianne Moore,Actress
Debra Winger,Actress
Christina Ricci,Actress
Juliette Binoche,Actress
Daryl Hannah,Actress
Whoopi Goldberg,Self
Benicio Del Toro,Actor
Kevin Bacon,Actor
Patrick Swayze,Actor
Michael Caine,Actor
Clint Eastwood,Actor
Burt Lancaster,Actor
Robert Mitchum,Actor
Colin Farrell,Actor
William Holden,Actor
Edward G. Robinson,Actor
William Powell,Actor
Errol Flynn,Actor
Groucho Marx,Actor
James Mason,Actor
Buster Keaton,Actor
Gene Kelly,Actor
Fred Astaire,Actor
Bradley Cooper,Actor
Jude Law,Actor
Robert Pattinson,Actor
Paul Giamatti,Actor
Forest Whitaker,Actor
Jared Leto,Actor
Jonah Hill,Actor
Michael Fassbender,Actor
Carol Burnett,Actress
Jessica Tandy,Actress
Helen Hunt,Actress
Patricia Arquette,Actress
Carmen Miranda,Soundtrack
Kate Hudson,Actress
Catherine Zeta-Jones,Actress
Cameron Diaz,Actress
Debbie Reynolds,Actress
Rita Hayworth,Actress
Maureen O'Hara,Actress
Myrna Loy,Actress
Lena Headey,Actress
Toni Collette,Actress
Laura Linney,Actress
Marlene Dietrich,Actress
Carole Lombard,Actress
Jean Arthur,Actress
Jean Harlow,Actress
Ginger Rogers,Actress
Mary Pickford,Actress
Mae West,Actress
Gillian Anderson,Actress
Emma Watson,Actress
Meg Ryan,Actress
Alan Arkin,Actor
Benedict Cumberbatch,Actor
Chris Hemsworth,Actor
Henry Cavill,Actor
Tom Hardy,Actor
Jean Dujardin,Actor
Colin Firth,Actor
Jamie Foxx,Actor
Adrien Brody,Actor
Roberto Benigni,Actor
Jeremy Irons,Actor
William Hurt,Actor
F. Murray Abraham,Actor
Richard Dreyfuss,Actor
Peter Finch,Actor
Art Carney,Actor
Cliff Robertson,Actor
Rod Steiger,Actor
Chris Pratt,Actor
Lee Marvin,Actor
Rex Harrison,Actor
Maximilian Schell,Actor
David Niven,Actor
Yul Brynner,Actor
Ernest Borgnine,Actor
Chloë Grace Moretz,Actress
Anna Kendrick,Actress
Emily Watson,Actress
Helena Bonham Carter,Actress
Keira Knightley,Actress
Alexis Thorpe,Actress
Marion Davies,Actress
Scarlett Johansson,Actress
Dakota Fanning,Actress
Jennifer Aniston,Actress
Jennifer Connelly,Actress
Rachel McAdams,Actress
Carey Mulligan,Actress
Mila Kunis,Actress
Amanda Seyfried,Actress
Jennifer Lopez,Actress
Neve Campbell,Actress
Fairuza Balk,Actress
Jessica Alba,Actress
Kristen Stewart,Actress
Julie Walters,Actress
Rooney Mara,Actress
Jamie Lee Curtis,Actress
Emma Stone,Actress
Kirsten Dunst,Actress
José Ferrer,Actor
Broderick Crawford,Actor
Ronald Colman,Actor
Fredric March,Actor
Ray Milland,Actor
Bing Crosby,Actor
Paul Lukas,Actor
Robert Donat,Actor
Paul Muni,Actor
Victor McLaglen,Actor
Charles Laughton,Actor
Wallace Beery,Actor
Kurt Russell,Actor
Lionel Barrymore,Actor
Jeff Goldblum,Actor
Warner Baxter,Actor
Emil Jannings,Actor
Chris Cooper,Actor
Jim Broadbent,Actor
James Coburn,Actor
Cuba Gooding Jr.,Actor
Martin Landau,Actor
Jack Palance,Actor
Kevin Kline,Actor
Don Ameche,Actor
Kate Beckinsale,Actress
Zooey Deschanel,Actress
Michelle Williams,Actress
Milla Jovovich,Actress
Selena Gomez,Actress
Rachel Weisz,Actress
Kristen Bell,Actress
Katherine Heigl,Actress
Liv Tyler,Actress
Jessica Chastain,Actress
Megan Fox,Actress
Betty White,Actress
Geraldine Page,Actress
Eliza Dushku,Actress
Robin Wright,Actress
Leighton Meester,Actress
Viola Davis,Actress
Shirley Temple,Actress
Julia Louis-Dreyfus,Actress
Olivia Thirlby,Actress
Cher,Actress
Penélope Cruz,Actress
Louise Fletcher,Actress
Julie Christie,Actress
Patricia Neal,Actress
Haing S. Ngor,Actor
Louis Gossett Jr.,Actor
John Gielgud,Actor
Timothy Hutton,Actor
Melvyn Douglas,Actor
Jason Robards,Actor
George Burns,Actor
John Houseman,Actor
Ethan Hawke,Actor
Ben Johnson,Actor
John Mills,Actor
Gig Young,Actor
Jack Albertson,Actor
George Kennedy,Actor
Walter Matthau,Actor
Martin Balsam,Actor
Peter Ustinov,Actor
Ed Begley,Actor
George Chakiris,Actor
Hugh Griffith,Actor
Burl Ives,Actor
Red Buttons,Actor
Anthony Quinn,Actor
Edmond O'Brien,Actor
Frank Sinatra,Actor
Anne Bancroft,Actress
Kim Novak,Actress
Simone Signoret,Actress
Ellen Page,Actress
Anna Magnani,Actress
Judy Holliday,Actress
Loretta Young,Self
Shirley Jones,Actress
Vera Farmiga,Actress
Helen Hayes,Actress
Marie Dressler,Actress
Janet Gaynor,Actress
Lupita Nyong'o,Actress
Octavia Spencer,Actress
Melissa Leo,Actress
Mo'Nique,Actress
Marlee Matlin,Actress
Tilda Swinton,Actress
Jennifer Hudson,Actress
Renée Zellweger,Actress
Marcia Gay Harden,Actress
Anna Paquin,Actress
Marisa Tomei,Actress
Mercedes Ruehl,Actress
Brenda Fricker,Actress
Jean Reno,Actor
George Sanders,Actor
Dean Jagger,Actor
Walter Huston,Actor
Edmund Gwenn,Actor
Harold Russell,Actor
Hugh Grant,Actor
Barry Fitzgerald,Actor
Charles Coburn,Actor
Van Heflin,Actor
Donald Crisp,Actor
Thomas Mitchell,Actor
Walter Brennan,Actor
Joseph Schildkraut,Actor
Keanu Reeves,Actor
Channing Tatum,Actor
Hugh Jackman,Actor
Dwayne Johnson,Actor
Adam Sandler,Actor
Daniel Radcliffe,Actor
Daniel Craig,Actor
Ryan Gosling,Actor
Vin Diesel,Actor
Ben Affleck,Producer
Chris Pine,Actor
Olympia Dukakis,Actress
Peggy Ashcroft,Actress
Linda Hunt,Actress
Maureen Stapleton,Actress
Mary Steenburgen,Actress
Beatrice Straight,Actress
Vanessa Redgrave,Actress
Lee Grant,Actress
Eileen Heckart,Actress
Cloris Leachman,Actress
Ruth Gordon,Actress
Estelle Parsons,Actress
Sandy Dennis,Actress
Shelley Winters,Actress
Maggie Gyllenhaal,Actress
Katie Holmes,Actress
Patty Duke,Actress
Rita Moreno,Actress
Wendy Hiller,Actress
Miyoshi Umeki,Actress
Dorothy Malone,Actress
Jo Van Fleet,Actress
Eva Marie Saint,Actress
Gloria Grahame,Actress
Kim Hunter,Actress
Andrew Garfield,Actor
Jeremy Renner,Actor
Steve Carell,Actor
Jake Gyllenhaal,Actor
Chris Evans,Actor
James Franco,Actor
Zach Galifianakis,Actor
Will Ferrell,Actor
Shia LaBeouf,Actor
Seth Rogen,Actor
Joseph Gordon-Levitt,Actor
Ryan Reynolds,Actor
Paul Rudd,Actor
Jason Segel,Actor
Jason Statham,Actor
Justin Timberlake,Soundtrack
Dick Van Dyke,Actor
Zac Efron,Actor
Jesse Eisenberg,Actor
Owen Wilson,Actor
Jason Bateman,Actor
Tyler Perry,Writer
Liam Hemsworth,Actor
William Shatner,Actor
Shah Rukh Khan,Actor
Thora Birch,Actress
Claire Trevor,Actress
Celeste Holm,Actress
Anne Baxter,Actress
Queen Latifah,Actress
Ethel Barrymore,Actress
Rosario Dawson,Actress
Teresa Wright,Actress
Mary Astor,Actress
Jane Darwell,Actress
Alicia Vikander,Actress
Mia Wasikowska,Actress
Abigail Breslin,Actress
Gale Sondergaard,Actress
Melissa McCarthy,Actress
Tina Fey,Writer
Zoe Saldana,Actress
Elisabeth Moss,Actress
Adrianne Palicki,Actress
Jennifer Garner,Actress
Kristen Wiig,Actress
June Squibb,Actress
Sally Hawkins,Actress
Kaley Cuoco,Actress
Naomi Watts,Actress
Josh Hutcherson,Actor
Charlie Hunnam,Actor
Nicholas Hoult,Actor
Aaron Taylor-Johnson,Actor
Bryan Cranston,Actor
Gerard Butler,Actor
Paul Walker,Actor
Karl Urban,Actor
Logan Lerman,Actor
Dave Franco,Actor
Tom Hiddleston,Actor
Peter Dinklage,Actor
Taylor Kitsch,Actor
Alex Pettyfer,Actor
Guy Pearce,Actor
Mark Ruffalo,Actor
Mickey Rourke,Actor
Frank Langella,Actor
Eddie Redmayne,Actor
David Strathairn,Actor
Terrence Howard,Actor
Don Cheadle,Actor
Tom Wilkinson,Actor
Richard Farnsworth,Actor
Nick Nolte,Actor
AnnaSophia Robb,Actress
Gemma Arterton,Actress
Olivia Wilde,Actress
Isla Fisher,Actress
Shailene Woodley,Actress
Rebel Wilson,Actress
Emma Roberts,Actress
Amber Heard,Actress
Teresa Palmer,Actress
Saoirse Ronan,Actress
Elizabeth Banks,Actress
Kristen Bell,Actress
Natalie Dormer,Actress
Brittany Snow,Actress
Kate Mara,Actress
Julianne Hough,Self
Lily Collins,Actress
Cobie Smulders,Actress
Alice Eve,Actress
Jamie Chung,Actress
Noomi Rapace,Actress
Blake Lively,Actress
Maggie Grace,Actress
Jessica Biel,Actress
Eva Green,Actress
Peter Fonda,Actor
Woody Harrelson,Actor
Billy Bob Thornton,Actor
Idris Elba,Actor
Nigel Hawthorne,Actor
Laurence Fishburne,Actor
Stephen Rea,Actor
Warren Beatty,Actor
Gérard Depardieu,Actor
Richard Harris,Actor
Kenneth Branagh,Actor
Edward James Olmos,Actor
Max von Sydow,Actor
Marcello Mastroianni,Actor
Bob Hoskins,Actor
James Woods,Actor
John Hawkes,Actor
James Garner,Actor
Sam Waterston,Actor
Tom Hulce,Actor
Albert Finney,Actor
Tom Conti,Actor
Tom Courtenay,Actor
Dudley Moore,Actor
John Hurt,Actor
Kat Dennings,Actress
Quvenzhané Wallis,Actress
Emmanuelle Riva,Actress
Greta Gerwig,Actress
Brie Larson,Actress
Jessica Lucas,Actress
Liv Ullmann,Actress
Maria Falconetti,Actress
Setsuko Hara,Actress
Rosalind Russell,Actress
Linda Fiorentino,Actress
Gabourey Sidibe,Actress
Catherine Deneuve,Actress
Mia Farrow,Actress
Audrey Tautou,Actress
Jeanne Moreau,Actress
Isabelle Huppert,Actress
Gena Rowlands,Actress
Lesley Manville,Actress
Elizabeth Olsen,Actress
Nastassja Kinski,Actress
Mélanie Laurent,Actress
Whitney Houston,Actress
Felicity Huffman,Actress
Imelda Staunton,Actress
Oscar Isaac,Actor
Jon Heder,Actor
Miles Teller,Actor
Daniel Brühl,Actor
James Gandolfini,Actor
Michael B. Jordan,Actor
Anthony Perkins,Actor
David Thewlis,Actor
Klaus Kinski,Actor
Malcolm McDowell,Actor
Ray Winstone,Actor
Jean-Paul Belmondo,Actor
Andy Serkis,Actor
Matthew Broderick,Actor
Dennis Hopper,Actor
Michael Rooker,Actor
Vincent Gallo,Actor
Toshirô Mifune,Actor
Vincent Cassel,Actor
J.K. Simmons,Actor
Boris Karloff,Actor
Peter Lorre,Actor
Antonio Banderas,Actor
Paddy Considine,Actor
Ryan Phillippe,Actor
Kerry Washington,Actress
Carrie-Anne Moss,Actress
Janet Leigh,Actress
Catalina Sandino Moreno,Actress
Samantha Morton,Actress
Keisha Castle-Hughes,Actress
Salma Hayek,Actress
Joan Allen,Actress
Janet McTeer,Actress
Fernanda Montenegro,Actress
Kristin Scott Thomas,Actress
Brenda Blethyn,Actress
Elisabeth Shue,Actress
Miranda Richardson,Actress
Stockard Channing,Actress
Angela Bassett,Actress
Mary McDonnell,Actress
Catherine Deneuve,Actress
Laura Dern,Actress
Pauline Collins,Actress
Isabelle Adjani,Actress
Melanie Griffith,Actress
Sally Kirkland,Actress
Jane Alexander,Actress
Marsha Mason,Actress
Freddie Highmore,Actor
Michael J. Fox,Actor
Eddie Murphy,Actor
Yun-Fat Chow,Actor
Seth MacFarlane,Writer
Bruce Lee,Actor
Jet Li,Actor
Chuck Norris,Actor
Jean-Claude Van Damme,Actor
Sam Rockwell,Actor
Takashi Shimura,Actor
Richard E. Grant,Actor
Leslie Nielsen,Actor
Simon Pegg,Actor
John Malkovich,Actor
Michael Shannon,Actor
Martin Sheen,Actor
Christopher Guest,Actor
Alan Rickman,Actor
Jackie Earle Haley,Actor
Montgomery Clift,Actor
James Spader,Actor
Eric Bana,Actor
Romain Duris,Actor
Robert Shaw,Actor
Jacki Weaver,Actress
Bérénice Bejo,Actress
Hailee Steinfeld,Actress
Jennifer Jason Leigh,Actress
Kathleen Quinlan,Actress
Taraji P. Henson,Actress
Amy Ryan,Actress
Ruby Dee,Actress
Jill Clayburgh,Actress
Adriana Barraza,Actress
Rinko Kikuchi,Actress
Catherine Keener,Actress
Charlotte Rampling,Actress
Sophie Okonedo,Actress
Patricia Clarkson,Actress
Shohreh Aghdashloo,Actress
Lindsay Lohan,Actress
Michelle Trachtenberg,Actress
Chloë Sevigny,Actress
Lynn Redgrave,Actress
Rachel Griffiths,Actress
Margot Robbie,Actress
Lili Taylor,Actress
Robin Weigert,Actress
Lake Bell,Actress
Claude Rains,Actor
Steve Buscemi,Actor
John Rhys-Davies,Actor
Jean-Louis Trintignant,Actor
Joseph Cotten,Actor
Barry Pepper,Actor
Erich von Stroheim,Actor
Patrick Wilson,Actor
Christopher Lloyd,Actor
Ben Foster,Actor
Joel McCrea,Actor
Min-sik Choi,Actor
Ewan McGregor,Actor
Gael García Bernal,Actor
Bruno Ganz,Actor
Sean Astin,Actor
Irrfan Khan,Actor
Michael C. Hall,Actor
Roy Scheider,Actor
Casey Affleck,Actor
Gary Busey,Actor
Norman Reedus,Actor
Jeff Daniels,Actor
Stanley Tucci,Actor
Kiefer Sutherland,Actor
Léa Seydoux,Actress
Dakota Johnson,Actress
Julie Delpy,Actress
Linda Hamilton,Actress
Carrie Fisher,Actress
Pam Grier,Actress
Björk,Composer
Emily Browning,Actress
Juliette Lewis,Actress
Sarah Jessica Parker,Actress
Piper Laurie,Actress
Miley Cyrus,Actress
Lily Tomlin,Actress
Anna Friel,Actress
Gloria Stuart,Actress
Talia Shire,Actress
Donna Reed,Actress
Sue Lyon,Actress
Olivia Newton-John,Actress
Minnie Driver,Actress
Teri Garr,Actress
Keri Russell,Actress
Jean Seberg,Actress
Sarah Polley,Actress
Kate Capshaw,Actress
Josh Brolin,Actor
Hal Holbrook,Actor
Djimon Hounsou,Actor
Matt Dillon,Actor
Alan Alda,Actor
Thomas Haden Church,Actor
Clive Owen,Actor
Ken Watanabe,Actor
Suraj Sharma,Actor
John C. Reilly,Actor
Michael Clarke Duncan,Actor
Haley Joel Osment,Actor
Greg Kinnear,Actor
Burt Reynolds,Actor
Robert Forster,Actor
Jason Schwartzman,Actor
William H. Macy,Actor
Armin Mueller-Stahl,Actor
Tim Roth,Actor
James Cromwell,Actor
Chazz Palminteri,Actor
Gary Sinise,Actor
Paul Scofield,Actor
Pete Postlethwaite,Actor
Mads Mikkelsen,Actor
Jada Pinkett Smith,Actress
Tatum O'Neal,Actress
Anna Faris,Actress
Ashley Greene,Actress
Famke Janssen,Actress
Rosamund Pike,Actress
Bonnie Hunt,Producer
Leslie Mann,Actress
Mindy Kaling,Actress
Analeigh Tipton,Actress
Thandie Newton,Actress
Amanda Peet,Actress
Julia Stiles,Actress
Maria Bello,Actress
Eva Mendes,Actress
Emily Blunt,Actress
Rose Byrne,Actress
Ashley Judd,Actress
Emilia Clarke,Actress
Christina Applegate,Actress
Nia Long,Actress
Felicity Jones,Actress
Téa Leoni,Actress
Alexandra Daddario,Actress
Jena Malone,Actress
Richard Gere,Actor
Nick Frost,Actor
Ray Liotta,Actor
Chris Rock,Producer
Jon Hamm,Actor
Neil Patrick Harris,Actor
Charlie Sheen,Actor
Mark Rylance,Actor
Andy Garcia,Actor
Michael Lerner,Actor
Graham Greene,Actor
Bruce Davison,Actor
Dan Aykroyd,Writer
Danny Aiello,Actor
River Phoenix,Actor
Dean Stockwell,Actor
Billy Crystal,Actor
John Goodman,Actor
Orlando Bloom,Actor
Stellan Skarsgård,Actor
Alexander Skarsgård,Actor
Mike Myers,Actor
Tyrese Gibson,Actor
Elijah Wood,Actor
Danny DeVito,Actor
Lucy Liu,Actress
Rebecca Romijn,Actress
Michelle Rodriguez,Actress
Sarah Michelle Gellar,Actress
Beyoncé Knowles,Actress
Rebecca Hall,Actress
Piper Perabo,Actress
Courteney Cox,Actress
Parker Posey,Actress
Paula Patton,Actress
Michelle Monaghan,Actress
Claire Danes,Actress
Ali Larter,Actress
Kate Bosworth,Actress
Evan Rachel Wood,Actress
Mira Sorvino,Actress
Ziyi Zhang,Actress
Amanda Crew,Actress
Amanda Bynes,Actress
Lisa Kudrow,Actress
Neve Campbell,Actress
Ellen DeGeneres,Producer
Sofía Vergara,Actress
Mandy Moore,Actress
Virginia Madsen,Actress
James Marsden,Actor
Tim Allen,Actor
Giovanni Ribisi,Actor
Rutger Hauer,Actor
Vince Vaughn,Producer
Brian Cox,Actor
Dennis Quaid,Actor
John Leguizamo,Actor
Michael Keaton,Actor
Billy Burke,Actor
Brendan Gleeson,Actor
Clark Gregg,Actor
Jonathan Pryce,Actor
Tobey Maguire,Actor
Michael Sheen,Actor
Justin Long,Actor
Kellan Lutz,Actor
Jack Black,Actor
Pierce Brosnan,Actor
Sean Bean,Actor
Cedric the Entertainer,Actor
Taylor Lautner,Actor
Josh Duhamel,Actor
Jon Favreau,Producer
Danny Glover,Actor
Freida Pinto,Actress
Hilary Duff,Actress
Mary Elizabeth Winstead,Actress
Jennifer Coolidge,Actress
Andrea Riseborough,Actress
Molly Ringwald,Actress
January Jones,Actress
Maya Rudolph,Actress
Sophie Marceau,Actress
Olga Kurylenko,Actress
Franka Potente,Actress
Rashida Jones,Actress
Alicia Silverstone,Actress
Rosie Huntington-Whiteley,Actress
Lillian Gish,Actress
Evangeline Lilly,Actress
Mireille Enos,Actress
Jennifer Love Hewitt,Actress
Emmy Rossum,Actress
Joey King,Actress
Ginnifer Goodwin,Actress
Christine Taylor,Actress
Vanessa Hudgens,Actress
Abbie Cornish,Actress
Michelle Yeoh,Actress
Ian Holm,Actor
Nathan Lane,Actor
Cary Elwes,Actor
Martin Lawrence,Actor
Steve Coogan,Actor
Sacha Baron Cohen,Actor
Jeffrey Wright,Actor
Jackie Chan,Actor
Aaron Eckhart,Actor
Sam Worthington,Actor
Jack Davenport,Actor
Alfred Molina,Actor
Justin Bartha,Actor
Mark Hamill,Actor
Brendan Fraser,Actor
Ice Cube,Producer
Liev Schreiber,Actor
Ed Helms,Actor
Val Kilmer,Actor
Russell Brand,Actor
Craig T. Nelson,Actor
Bernie Mac,Actor
Patrick Stewart,Actor
Seth Green,Actor
Ashton Kutcher,Actor
Randy Quaid,Actor
Wesley Snipes,Actor
Ludacris,Soundtrack
David Oyelowo,Actor
Mark Strong,Actor
Rob Schneider,Actor
Jay Baruchel,Actor
Hayden Christensen,Actor
Ray Stevenson,Actor
Paul Bettany,Actor
Hugh Laurie,Actor
Chris Tucker,Actor
Nick Swardson,Actor
Josh Lucas,Actor
Chris O'Donnell,Actor
Benjamin Bratt,Actor
Common,Actor
Johnny Knoxville,Writer
Marlon Wayans,Actor
Jai Courtney,Actor
Albert Brooks,Actor
Macaulay Culkin,Actor
Sam Elliott,Actor
Jim Caviezel,Actor
Paul Scofield,Actor
Jared Harris,Actor
Harpo Marx,Actor
Jason Sudeikis,Actor
Josh Hartnett,Actor
Patrick Wilson,Actor
Cillian Murphy,Actor
Billy Crudup,Actor
Christopher Mintz-Plasse,Actor
Anthony Mackie,Actor
Timothy Olyphant,Actor
Josh Gad,Actor
Luke Wilson,Actor
Peter Sarsgaard,Actor
Rhys Ifans,Actor
Topher Grace,Actor
Kevin Hart,Producer
Paul Dano,Actor
Lenny Kravitz,Actor
Bill Hader,Actor
Rob Lowe,Actor
David Spade,Actor
Rob Riggle,Self
Lance Henriksen,Actor
Richard Jenkins,Actor
Mike Vogel,Actor
Michael Ealy,Actor
Freddie Prinze Jr.,Actor
Jamie Bell,Actor
Danny McBride,Actor
Jonathan Rhys Meyers,Actor
Michael Cera,Actor
Bill Paxton,Actor
Chris Klein,Actor
Ioan Gruffudd,Actor
Andrew Lincoln,Actor
Bill Pullman,Actor
Craig Robinson,Actor
Charlie Day,Actor
Andy Samberg,Actor
Garrett Hedlund,Actor
Cam Gigandet,Actor
John Krasinski,Actor
Kevin James,Actor
Breckin Meyer,Actor
Christopher Reeve,Actor
James McAvoy,Actor
Rufus Sewell,Actor
Ned Beatty,Actor
John Cleese,Actor
John Turturro,Actor
